"ID","Pedigree","Comments","INDV","F_MISS","acc_v2.7","id_v2.7"
"Ames 19323","Oh7B","other","Ames19323:250032910",0.102324,"Ames19323",250032910
"Ames 19326","R168","other","Ames19326:250033412",0.14893,"Ames19326",250033412
"Ames 19326","R168","other","Ames19326:250033609",0.150286,"Ames19326",250033609
"Ames 19330","W182B","other","Ames19330:250034745",0.135665,"Ames19330",250034745
"Ames 22021","C38","sweet corn","Ames22021:250033477",0.14655,"Ames22021",250033477
"Ames 23506","C38","sweet corn","Ames23506:250033577",0.389552,"Ames23506",250033577
"Ames 27038","CMV3","other","Ames27038:250035232",0.173228,"Ames27038",250035232
"Ames 27050","CO255","other","Ames27050:250035187",0.357977,"Ames27050",250035187
"Ames 27104","CMV3","other","Ames27104:250032140",0.173002,"Ames27104",250032140
"Ames 27107","CO255","other","Ames27107:250032340",0.192282,"Ames27107",250032340
"NSL 22629","Oh7B","other","NSL22629:250032817",0.100225,"NSL22629",250032817
"NSL 242483","R105","other","NSL242483:250032529",0.181813,"NSL242483",250032529
"NSL 30058","W64A","other","NSL30058:250033846",0.105964,"NSL30058",250033846
"NSL 30059","W153R","other","NSL30059:250033570",0.127723,"NSL30059",250033570
"NSL 30062","W182B","other","NSL30062:250032588",0.140275,"NSL30062",250032588
"NSL 30880","R105","other","NSL30880:250032459",0.188675,"NSL30880",250032459
"NSL 30891","R168","other","NSL30891:250033782",0.150558,"NSL30891",250033782
"NSL 53086","SC 212M","other","NSL53086:250042350",0.214881,"NSL53086",250042350
"NSL 53094","SC 357","other","NSL53094:250033232",0.248771,"NSL53094",250033232
"NSL 68242","SC 212M","other","NSL68242:250042332",0.226807,"NSL68242",250042332
"NSL 68252","SC 357","other","NSL68252:250031525",0.251795,"NSL68252",250031525
"NSL 8585","P39","sweet corn","NSL8585:250034723",0.151383,"NSL8585",250034723
"PI 587133","P39","sweet corn","PI587133:250032564",0.161861,"PI587133",250032564
"PI 587152","W64A","other","PI587152:250033736",0.113167,"PI587152",250033736
"PI 587154","W153R","other","PI587154:250031920",0.134398,"PI587154",250031920
"PI 587154","W153R","other","PI587154:250033489",0.132689,"PI587154",250033489
